{
  "model_name": "RandomForest",
  "accuracy": 0.8055555555555556,
  "baseline_comparison": 0.0805555555555556,
  "target_met": true,
  "cv_results": {
    "cv_mean": 0.8401477832512315,
    "cv_std": 0.03573041932175091,
    "test_accuracy": 0.8055555555555556,
    "classification_report": "              precision    recall  f1-score   support\n\n           0       0.00      0.00      0.00         6\n           1       0.83      0.97      0.89        30\n\n    accuracy                           0.81        36\n   macro avg       0.41      0.48      0.45        36\nweighted avg       0.69      0.81      0.74        36\n",
    "confusion_matrix": [
      [
        0,
        6
      ],
      [
        1,
        29
      ]
    ],
    "roc_auc": 0.5555555555555556
  },
  "feature_count": 70,
  "training_samples": 144,
  "timestamp": "2026-02-06T17:28:13.154658"
}